compound,variants,vmax_pmol_min_pmol_p450,km_m_m,c_lint_vmax_km_m_l_min_pmol_p450,reference,competitive_ic50,non_competitive_ic50,average_ic50
oxycodone,CYP3A4.1,16.31,627.77,0.026,Cai et al 2021,627.77,197361.47144999998,98994.62072499999
oxycodone,CYP3A4.2,5.02,1582.33,0.0032,Cai et al 2021,1582.33,1252675.2794499998,627128.8047249999
oxycodone,CYP3A4.3,7.01,415.73,0.017,Cai et al 2021,415.73,86623.58145000001,43519.655725000004
oxycodone,CYP3A4.4,11.46,569.63,0.0202,Cai et al 2021,569.63,162523.98345,81546.806725
oxycodone,CYP3A4.5,8.65,1011.7,0.0087,Cai et al 2021,1011.7,512274.29500000004,256642.99750000003
oxycodone,CYP3A4.7,3.86,592,0.0065,Cai et al 2021,592,175528,88060
oxycodone,CYP3A4.8,4.29,2144.33,0.0021,Cai et al 2021,2144.33,2300147.7394499998,1151146.034725
oxycodone,CYP3A4.9,6.96,944.23,0.0074,Cai et al 2021,944.23,446257.26145,223600.745725
oxycodone,CYP3A4.10,11.07,1034.17,0.0107,Cai et al 2021,1034.17,535270.8794500001,268152.5247250001
oxycodone,CYP3A4.11,3.79,1684.67,0.0023,Cai et al 2021,1684.67,1419898.83945,710791.754725
oxycodone,CYP3A4.12,2.83,2279.33,0.0013,Cai et al 2021,2279.33,2598812.28945,1300545.809725
oxycodone,CYP3A4.13,6.13,1078.6,0.0057,Cai et al 2021,1078.6,582228.2799999999,291653.43999999994
oxycodone,CYP3A4.14,13.3,638.37,0.0209,Cai et al 2021,638.37,204077.31345000002,102357.841725
oxycodone,CYP3A4.15,13.82,923.2,0.015,Cai et al 2021,923.2,426610.72000000003,213766.96000000002
oxycodone,CYP3A4.16,5.69,899.63,0.0063,Cai et al 2021,899.63,405116.88345,203008.256725
oxycodone,CYP3A4.18,10.12,758.5,0.0134,Cai et al 2021,758.5,288040.375,144399.4375
oxycodone,CYP3A4.19,13.85,760.47,0.0182,Cai et al 2021,760.47,289537.54545000003,145149.007725
oxycodone,CYP3A4.23,5.15,927.03,0.0057,Cai et al 2021,927.03,430155.82544999995,215541.427725
oxycodone,CYP3A4.24,8.37,677.9,0.0124,Cai et al 2021,677.9,230113.155,115395.5275
oxycodone,CYP3A4.28,12.46,653.97,0.0192,Cai et al 2021,653.97,214165.36545,107409.667725
oxycodone,CYP3A4.29,14.18,686.27,0.0207,Cai et al 2021,686.27,235826.39145,118256.33072499999
oxycodone,CYP3A4.31,12.71,650.37,0.0198,Cai et al 2021,650.37,211815.75345,106233.06172499999
oxycodone,CYP3A4.32,7.89,693.6,0.0114,Cai et al 2021,693.6,240887.28000000003,120790.44000000002
oxycodone,CYP3A4.33,6.56,628.83,0.0105,Cai et al 2021,628.83,198027.99945000003,99328.41472500001
oxycodone,CYP3A4.34,5.9,673.83,0.0088,Cai et al 2021,673.83,227360.34945000004,114017.08972500001
brexpiprazole,CYP3A4.1,0.906,20.3,0.0449,Chen et al 2020,20.3,216.19500000000002,118.24750000000002
brexpiprazole,CYP3A4.2,0.198,26.9,0.0074,Chen et al 2020,26.9,375.25499999999994,201.07749999999996
brexpiprazole,CYP3A4.3,0.563,23.6,0.024,Chen et al 2020,23.6,290.28000000000003,156.94000000000003
brexpiprazole,CYP3A4.4,0.878,27.4,0.0323,Chen et al 2020,27.4,389.08,208.23999999999998
brexpiprazole,CYP3A4.5,0.502,22.4,0.0225,Chen et al 2020,22.4,262.08,142.23999999999998
brexpiprazole,CYP3A4.7,0.252,19.1,0.0132,Chen et al 2020,19.1,191.95500000000004,105.52750000000002
brexpiprazole,CYP3A4.8,0.192,23.4,0.0082,Chen et al 2020,23.4,285.47999999999996,154.43999999999997
brexpiprazole,CYP3A4.9,0.556,22.8,0.0244,Chen et al 2020,22.8,271.32,147.06
brexpiprazole,CYP3A4.10,0.731,21.6,0.034,Chen et al 2020,21.6,244.08000000000004,132.84000000000003
brexpiprazole,CYP3A4.11,0.327,19.5,0.0167,Chen et al 2020,19.5,199.875,109.6875
brexpiprazole,CYP3A4.12,0.306,17.8,0.0172,Chen et al 2020,17.8,167.32000000000002,92.56000000000002
brexpiprazole,CYP3A4.13,0.382,18.1,0.0211,Chen et al 2020,18.1,172.85500000000002,95.4775
brexpiprazole,CYP3A4.14,1.12,19.8,0.0573,Chen et al 2020,19.8,205.92000000000002,112.86000000000001
brexpiprazole,CYP3A4.15,0.992,18.8,0.0528,Chen et al 2020,18.8,186.12,102.46000000000001
brexpiprazole,CYP3A4.16,0.774,29.7,0.0265,Chen et al 2020,29.7,455.895,242.79749999999999
brexpiprazole,CYP3A4.17,0.0332,22.6,0.0015,Chen et al 2020,22.6,266.68,144.64000000000001
brexpiprazole,CYP3A4.18,0.639,24.9,0.0258,Chen et al 2020,24.9,322.455,173.67749999999998
brexpiprazole,CYP3A4.19,0.958,22.3,0.0433,Chen et al 2020,22.3,259.795,141.0475
brexpiprazole,CYP3A4.20,0.0123,9.52,0.0013,Chen et al 2020,9.52,50.075199999999995,29.797599999999996
brexpiprazole,CYP3A4.23,0.497,20.1,0.0248,Chen et al 2020,20.1,212.05500000000004,116.07750000000001
brexpiprazole,CYP3A4.24,0.804,19,0.0427,Chen et al 2020,19,190,104.5
brexpiprazole,CYP3A4.28,0.702,17.1,0.0411,Chen et al 2020,17.1,154.75500000000002,85.92750000000001
brexpiprazole,CYP3A4.29,0.644,22.1,0.0294,Chen et al 2020,22.1,255.25500000000002,138.6775
brexpiprazole,CYP3A4.31,0.57,20.4,0.0279,Chen et al 2020,20.4,218.27999999999997,119.33999999999999
brexpiprazole,CYP3A4.32,0.496,20.3,0.0245,Chen et al 2020,20.3,216.19500000000002,118.24750000000002
brexpiprazole,CYP3A4.33,0.624,23.6,0.0266,Chen et al 2020,23.6,290.28000000000003,156.94000000000003
brexpiprazole,CYP3A4.34,0.633,20.6,0.0308,Chen et al 2020,20.6,222.48000000000002,121.54
lidocaine,CYP3A4.1,7885,471.8,16.98,Fang et al 2017,471.8,111533.52,56002.66
lidocaine,CYP3A4.2,4015,842.03,4.73,Fang et al 2017,842.03,354928.27544999996,177885.152725
lidocaine,CYP3A4.3,11350,639.57,18.04,Fang et al 2017,639.57,204844.67745000005,102742.12372500003
lidocaine,CYP3A4.4,8442,542.17,14.8,Fang et al 2017,542.17,147245.23944999996,73893.70472499999
lidocaine,CYP3A4.5,6436,1103.67,5.6,Fang et al 2017,1103.67,609595.5694500001,305349.61972500006
lidocaine,CYP3A4*9 (V170I),8304,713.4,11.52,Fang et al 2017,713.4,254826.47999999998,127769.93999999999
lidocaine,CYP3A4*10 (D174H),10730,554.43,19.09,Fang et al 2017,554.43,153973.52744999997,77263.97872499998
lidocaine,CYP3A4*11 (T363M),27020,702.57,36.42,Fang et al 2017,702.57,247153.58745000002,123928.07872500001
lidocaine,CYP3A4*14 (L15P),10120,406.63,25.65,Fang et al 2017,406.63,82877.29345,41641.961725
lidocaine,CYP3A4*15 (R162Q),10730,491.07,20.87,Fang et al 2017,491.07,120820.40745,60655.738725
lidocaine,CYP3A4*16 (T185S),6804,812.23,8.11,Fang et al 2017,812.23,330264.90145,165538.565725
lidocaine,CYP3A4*18 (L293P),13470,493.97,27.2,Fang et al 2017,493.97,122250.16545000001,61372.06772500001
lidocaine,CYP3A4*19 (P467S),9887,466.17,22.4,Fang et al 2017,466.17,108890.31945000001,54678.244725000004
lidocaine,CYP3A4*23 (R162W),10560,296.73,35.04,Fang et al 2017,296.73,44172.71145,22234.720725000003
lidocaine,CYP3A4*24 (Q200H),304.6,70.83,4.93,Fang et al 2017,70.83,2543.85945,1307.344725
lidocaine,CYP3A4*28 (L22V),5224,290.6,17.87,Fang et al 2017,290.6,42369.48,21330.04
lidocaine,CYP3A4*29 (F113I),7771,310,24.08,Fang et al 2017,310,48205,24257.5
lidocaine,CYP3A4*31 (H324Q),7949,237.3,33.58,Fang et al 2017,237.3,28274.295000000002,14255.7975
lidocaine,CYP3A4*32 (I335T),8743.67,289.6,30.74,Fang et al 2017,289.6,42078.880000000005,21184.24
lidocaine,CYP3A4*33 (A370S),4865,328.23,14.43,Fang et al 2017,328.23,54031.581450000005,27179.905725000004
lidocaine,CYP3A4*34 (I427V),12225.67,532.5,28.15,Fang et al 2017,532.5,142044.375,71288.4375
osimertinib,3A4.1,4.839,27.89,0.174,Gao et al 2022,27.89,402.87105,215.380525
osimertinib,3A4.2,6.348,75.62,0.084,Gao et al 2022,75.62,2897.0022000000004,1486.3111000000001
osimertinib,3A4.3,4.343,21.83,0.199,Gao et al 2022,21.83,249.18944999999997,135.50972499999997
osimertinib,3A4.4,4.285,23.97,0.179,Gao et al 2022,23.97,299.26545,161.617725
osimertinib,3A4.5,5.327,53.797,0.099,Gao et al 2022,53.797,1473.9571044999998,763.8770522499999
osimertinib,3A4.7,6.442,86.803,0.074,Gao et al 2022,86.803,3810.7819044999997,1948.7924522499998
osimertinib,3A4.8,8.53,119.533,0.071,Gao et al 2022,119.533,7203.8355445,3661.68427225
osimertinib,3A4.9,4.189,22.643,0.185,Gao et al 2022,22.643,267.67422450000004,145.15861225000003
osimertinib,3A4.10,3.821,31.79,0.12,Gao et al 2022,31.79,521.19705,276.493525
osimertinib,3A4.11,4.005,45.783,0.087,Gao et al 2022,45.783,1070.9330445,558.35802225
osimertinib,3A4.12,4.084,51.8,0.079,Gao et al 2022,51.8,1367.5199999999998,709.6599999999999
osimertinib,3A4.13,3.338,40.583,0.082,Gao et al 2022,40.583,843.7814444999999,442.18222224999994
osimertinib,3A4.14,3.888,42.72,0.091,Gao et al 2022,42.72,933.8592,488.2896
osimertinib,3A4.15,4.998,20.77,0.241,Gao et al 2022,20.77,226.08145,123.425725
osimertinib,3A4.16,5.909,60.857,0.097,Gao et al 2022,60.857,1882.2157244999999,971.5363622499999
osimertinib,3A4.17,7.3,163,0.045,Gao et al 2022,163,13366,6764.5
osimertinib,3A4.18,5.075,47.75,0.106,Gao et al 2022,47.75,1163.90625,605.828125
osimertinib,3A4.19,4.245,28.183,0.151,Gao et al 2022,28.183,411.2322445,219.70762224999999
osimertinib,3A4.23,4.642,24.557,0.189,Gao et al 2022,24.557,313.80162449999995,169.17931224999998
osimertinib,3A4.24,4.918,32.283,0.154,Gao et al 2022,32.283,537.2375445,284.76027225
osimertinib,3A4.28,5.597,22.807,0.245,Gao et al 2022,22.807,271.4831245,147.14506225
osimertinib,3A4.29,5.968,12.033,0.496,Gao et al 2022,12.033,78.4130445,45.22302225
osimertinib,3A4.31,3.967,21.34,0.186,Gao et al 2022,21.34,238.3678,129.85389999999998
osimertinib,3A4.32,8.841,22.28,0.397,Gao et al 2022,22.28,259.3392,140.8096
osimertinib,3A4.33,8.34,21.413,0.389,Gao et al 2022,21.413,239.9647845,130.68889225
osimertinib,3A4.34,7.266,34.657,0.21,Gao et al 2022,34.657,617.8823244999999,326.26966224999995
acalabrutinib,CYP3A4.1,0.3,1.58,0.19,Han et al 2021 109559,1.58,2.0382000000000002,1.8091000000000002
acalabrutinib,CYP3A4.2,1.85,5.93,0.31,Han et al 2021 109559,5.93,20.547449999999998,13.238724999999999
acalabrutinib,CYP3A4.3,1.04,1.43,0.77,Han et al 2021 109559,1.43,1.7374499999999997,1.5837249999999998
acalabrutinib,CYP3A4.4,0.79,2.75,0.3,Han et al 2021 109559,2.75,5.15625,3.953125
acalabrutinib,CYP3A4.5,1.01,9.49,0.11,Han et al 2021 109559,9.49,49.77505,29.632525
acalabrutinib,CYP3A4.9,1.23,30.02,0.04,Han et al 2021 109559,30.02,465.61019999999996,247.81509999999997
acalabrutinib,CYP3A4.10,0.56,7.75,0.07,Han et al 2021 109559,7.75,33.90625,20.828125
acalabrutinib,CYP3A4.11,2.81,2.48,1.13,Han et al 2021 109559,2.48,4.3152,3.3975999999999997
acalabrutinib,CYP3A4.14,0.35,10.02,0.04,Han et al 2021 109559,10.02,55.21019999999999,32.6151
acalabrutinib,CYP3A4.15,0.92,3.53,0.26,Han et al 2021 109559,3.53,7.995449999999998,5.762724999999999
acalabrutinib,CYP3A4.16,0.23,5.8,0.04,Han et al 2021 109559,5.8,19.72,12.76
acalabrutinib,CYP3A4.19,0.15,3.89,20.33,Han et al 2021 109559,3.89,9.511050000000001,6.700525000000001
acalabrutinib,CYP3A4.23,0.13,7.38,0.02,Han et al 2021 109559,7.38,30.922199999999997,19.1511
acalabrutinib,CYP3A4.24,0.12,3.05,20.05,Han et al 2021 109559,3.05,6.17625,4.613125
acalabrutinib,CYP3A4.28,0.35,11.2,0.03,Han et al 2021 109559,11.2,68.32,39.76
acalabrutinib,CYP3A4.29,1.31,3.42,0.39,Han et al 2021 109559,3.42,7.558199999999999,5.4891
acalabrutinib,CYP3A4.31,0.22,2.54,0.09,Han et al 2021 109559,2.54,4.4958,3.5179
acalabrutinib,CYP3A4.32,0.12,2.56,0.05,Han et al 2021 109559,2.56,4.5568,3.5584
acalabrutinib,CYP3A4.33,1.22,2.01,0.61,Han et al 2021 109559,2.01,3.0250499999999994,2.5175249999999996
acalabrutinib,CYP3A4.34,0.14,1.58,0.09,Han et al 2021 109559,1.58,2.0382000000000002,1.8091000000000002
cyclosporine,3A4.1,0.262,5.204,0.05,Kong et al 2023,5.204,16.142808,10.673404
cyclosporine,3A4.2,0.427,8.958,0.048,Kong et al 2023,8.958,44.601882,26.779941
cyclosporine,3A4.3,0.303,8.018,0.038,Kong et al 2023,8.018,36.15316200000001,22.085581000000005
cyclosporine,3A4.4,0.244,6.45,0.038,Kong et al 2023,6.45,24.02625,15.238125
cyclosporine,3A4.5,0.698,2.296,0.304,Kong et al 2023,2.296,3.7838079999999996,3.039904
cyclosporine,3A4.7,0.264,19.03,0.014,Kong et al 2023,19.03,190.58545,104.807725
cyclosporine,3A4.8,0.261,13.093,0.02,Kong et al 2023,13.093,92.2598245,52.67641225
cyclosporine,3A4.9,0.222,6.436,0.034,Kong et al 2023,6.436,23.929047999999998,15.182523999999999
cyclosporine,3A4.10,0.256,4.73,0.054,Kong et al 2023,4.73,13.551450000000003,9.140725000000002
cyclosporine,3A4.12,0.277,76.76,0.004,Kong et al 2023,76.76,2984.4288000000006,1530.5944000000004
cyclosporine,3A4.13,0.152,21.14,0.007,Kong et al 2023,21.14,234.0198,127.57990000000001
cyclosporine,3A4.14,0.231,8.384,0.028,Kong et al 2023,8.384,39.337728000000006,23.860864000000003
cyclosporine,3A4.16,0.286,8.717,0.033,Kong et al 2023,8.717,42.3515445,25.53427225
cyclosporine,3A4.18,0.163,33.6,0.005,Kong et al 2023,33.6,581.2800000000001,307.44000000000005
cyclosporine,3A4.19,0.292,12.57,0.023,Kong et al 2023,12.57,85.28745,48.928725
cyclosporine,3A4.23,0.175,17.543,0.01,Kong et al 2023,17.543,162.6499245,90.09646225
cyclosporine,3A4.24,0.261,42.963,0.006,Kong et al 2023,42.963,944.3911845,493.67709225
cyclosporine,3A4.28,0.295,18.953,0.016,Kong et al 2023,18.953,189.08460449999998,104.01880225
cyclosporine,3A4.29,0.387,4.966,0.078,Kong et al 2023,4.966,14.813578000000001,9.889789
cyclosporine,3A4.31,0.253,22.893,0.011,Kong et al 2023,22.893,273.49122450000004,148.19211225000004
cyclosporine,3A4.32,0.179,25.49,0.007,Kong et al 2023,25.49,337.61504999999994,181.55252499999997
cyclosporine,3A4.33,0.206,14.4,0.014,Kong et al 2023,14.4,110.88000000000001,62.64000000000001
cyclosporine,3A4.34,0.064,11.66,0.006,Kong et al 2023,11.66,73.8078,42.7339
regorafenib,3A4.1,2.1,1.79,1.17,Li et al 2019 337,1.79,2.49705,2.1435250000000003
regorafenib,3A4.5,5.5,4.37,1.27,Li et al 2019 337,4.37,11.733450000000001,8.051725000000001
regorafenib,3A4.16,1.84,1.59,1.16,Li et al 2019 337,1.59,2.05905,1.824525
regorafenib,3A4.24,1.03,0.94,1.1,Li et al 2019 337,0.94,0.9117999999999999,0.9259
regorafenib,3A4.29,2.02,1.92,1.05,Li et al 2019 337,1.92,2.8032,2.3616
regorafenib,3A4.19,1.52,1.48,1.03,Li et al 2019 337,1.48,1.8352,1.6576
regorafenib,3A4.14,3.19,1.6,2,Li et al 2019 337,1.6,2.08,1.84
regorafenib,3A4.28,2.78,1.8,1.54,Li et al 2019 337,1.8,2.52,2.16
regorafenib,3A4.31,1.5,1.01,1.49,Li et al 2019 337,1.01,1.01505,1.0125250000000001
regorafenib,3A4.15,2.21,1.53,1.44,Li et al 2019 337,1.53,1.9354500000000001,1.732725
regorafenib,3A4.33,1.93,1.94,1,Li et al 2019 337,1.94,2.8518,2.3959
regorafenib,3A4.32,0.81,0.89,0.92,Li et al 2019 337,0.89,0.8410500000000001,0.8655250000000001
regorafenib,3A4.10,1.97,2.28,0.87,Li et al 2019 337,2.28,3.7391999999999994,3.0096
regorafenib,3A4.3,1.26,1.53,0.83,Li et al 2019 337,1.53,1.9354500000000001,1.732725
regorafenib,3A4.9,1.17,1.68,0.74,Li et al 2019 337,1.68,2.2512,1.9655999999999998
regorafenib,3A4.4,2.26,3.42,0.66,Li et al 2019 337,3.42,7.558199999999999,5.4891
regorafenib,3A4.18,1.57,2.87,0.55,Li et al 2019 337,2.87,5.553450000000001,4.211725
regorafenib,3A4.34,1.24,2.55,0.5,Li et al 2019 337,2.55,4.526249999999999,3.5381249999999995
regorafenib,3A4.23,0.56,1.19,0.47,Li et al 2019 337,1.19,1.3030499999999998,1.2465249999999999
regorafenib,3A4.13,1.07,4.62,0.24,Li et al 2019 337,4.62,12.9822,8.8011
regorafenib,3A4.7,1.33,7.53,0.18,Li et al 2019 337,7.53,32.11545,19.822725000000002
regorafenib,3A4.11,0.79,5.93,0.14,Li et al 2019 337,5.93,20.547449999999998,13.238724999999999
regorafenib,3A4.12,2.89,27.29,0.11,Li et al 2019 337,27.29,386.01705,206.653525
regorafenib,3A4.8,0.39,3.9,0.1,Li et al 2019 337,3.9,9.555,6.7275
regorafenib,3A4.2,0.39,8.81,0.04,Li et al 2019 337,8.81,43.21305,26.011525000000002
regorafenib,3A4.17,0.73,23.13,0.04,Li et al 2019 337,23.13,279.06345,151.096725
macitentan,3A4.1,6.48,108,0.06,Li et al 2019 1677,108,5886,2997
macitentan,3A4.2,4.86,61.71,0.08,Li et al 2019 1677,61.71,1934.91705,998.313525
macitentan,3A4.3,8.48,68.24,0.13,Li et al 2019 1677,68.24,2362.4687999999996,1215.3543999999997
macitentan,3A4.4,7.72,84.42,0.09,Li et al 2019 1677,84.42,3605.5782,1844.9991
macitentan,3A4.5,9.39,31.29,0.3,Li et al 2019 1677,31.29,505.17704999999995,268.233525
macitentan,3A4.7,3.45,88.56,0.04,Li et al 2019 1677,88.56,3965.7168,2027.1384
macitentan,3A4.8,2.65,43.36,0.06,Li et al 2019 1677,43.36,961.7248,502.5424
macitentan,3A4.9,6.45,337.07,0.02,Li et al 2019 1677,337.07,56976.62745,28656.848725
macitentan,3A4.10,10.22,69.2,0.15,Li et al 2019 1677,69.2,2428.92,1249.06
macitentan,3A4.11,4.7,192.4,0.02,Li et al 2019 1677,192.4,18605.08,9398.740000000002
macitentan,3A4.12,4.42,318.3,0.01,Li et al 2019 1677,318.3,50816.595,25567.447500000002
macitentan,3A4.13,7.32,290.13,0.03,Li et al 2019 1677,290.13,42232.77345,21261.451725
macitentan,3A4.14,9.33,170.1,0.05,Li et al 2019 1677,170.1,14552.054999999998,7361.077499999999
macitentan,3A4.15,15.63,119.4,0.13,Li et al 2019 1677,119.4,7187.880000000001,3653.6400000000003
macitentan,3A4.16,9.03,83.45,0.11,Li et al 2019 1677,83.45,3523.6762500000004,1803.5631250000001
macitentan,3A4.17,2.79,450.03,0.01,Li et al 2019 1677,450.03,101488.51544999999,50969.272724999995
macitentan,3A4.18,7.13,149.23,0.05,Li et al 2019 1677,149.23,11209.411449999998,5679.320724999999
macitentan,3A4.19,11.51,156.9,0.07,Li et al 2019 1677,156.9,12387.255000000001,6272.0775
macitentan,3A4.20,10.02,3015.67,0,Li et al 2019 1677,3015.67,4548640.60945,2275828.139725
macitentan,3A4.23,3.8,494.73,0.01,Li et al 2019 1677,494.73,122626.25145000001,61560.490725
macitentan,3A4.24,5.06,276.1,0.02,Li et al 2019 1677,276.1,38253.655000000006,19264.877500000002
macitentan,3A4.28,5.1,178.9,0.03,Li et al 2019 1677,178.9,16092.055,8135.4775
macitentan,3A4.29,4.35,141.63,0.03,Li et al 2019 1677,141.63,10100.343449999998,5120.986724999999
macitentan,3A4.31,4.41,131.3,0.04,Li et al 2019 1677,131.3,8685.495,4408.3975
macitentan,3A4.32,6.25,135.73,0.05,Li et al 2019 1677,135.73,9279.181449999998,4707.455724999999
macitentan,3A4.33,6.42,241.1,0.03,Li et al 2019 1677,241.1,29185.155,14713.127499999999
macitentan,3A4.34,4.63,249,0.02,Li et al 2019 1677,249,31125,15687
saxagliptan,CYP3A4.1,8.27,219.57,37.67,Liu et al 2022,219.57,24215.277449999998,12217.423724999999
saxagliptan,CYP3A4.2(S222P),3.76,957.3,3.93,Liu et al 2022,957.3,458690.295,229823.7975
saxagliptan,CYP3A4.3(M445T),4.29,251.63,17.1,Liu et al 2022,251.63,31784.64345,16018.136725
saxagliptan,CYP3A4.4(I118V),4.19,201.9,20.74,Liu et al 2022,201.9,20482.755,10342.327500000001
saxagliptan,CYP3A4.5(P218R),6.07,235.93,25.74,Liu et al 2022,235.93,27949.447450000003,14092.688725000002
saxagliptan,CYP3A4.7(G56D),4.03,568.2,7.09,Liu et al 2022,568.2,161709.72000000003,81138.96000000002
saxagliptan,CYP3A4.8(R130Q),3.09,567.4,5.44,Liu et al 2022,567.4,161255.08,80911.23999999999
saxagliptan,CYP3A4.9(V170I),4.48,694.6,6.45,Liu et al 2022,694.6,241581.88,121138.24
saxagliptan,CYP3A4.10(D174H),6.2,264.8,23.4,Liu et al 2022,264.8,35191.920000000006,17728.360000000004
saxagliptan,CYP3A4.11(T363M),2.9,1100.67,2.64,Liu et al 2022,1100.67,606287.5594500001,303694.11472500005
saxagliptan,CYP3A4.12(L373F),4.25,3017,1.41,Liu et al 2022,3017,4552653,2277835
saxagliptan,CYP3A4.13(P416L),4.02,840.63,4.78,Liu et al 2022,840.63,353749.71345,177295.171725
saxagliptan,CYP3A4.14(L15P),10.41,385.27,27.02,Liu et al 2022,385.27,74409.12144999999,37397.195725
saxagliptan,CYP3A4.15(RI62Q),7.11,312.77,22.75,Liu et al 2022,312.77,49068.921449999994,24690.845724999996
saxagliptan,CYP3A4.16(T185S),4.21,221.77,18.99,Liu et al 2022,221.77,24701.851450000002,12461.810725000001
saxagliptan,CYP3A4.17(F189S),5.74,5452,1.05,Liu et al 2022,5452,14864878,7435165
saxagliptan,CYP3A4.18(L293P),3.56,304.07,11.72,Liu et al 2022,304.07,46381.317449999995,23342.693724999997
saxagliptan,CYP3A4.19(P467S),7.16,246.47,29.04,Liu et al 2022,246.47,30496.96545,15371.717725
saxagliptan,CYP3A4.20(488frameshift),13.54,18835.67,0.72,Liu et al 2022,18835.67,177400650.00944996,88709742.83972497
saxagliptan,CYP3A4.23(R162W),3.85,1295,2.98,Liu et al 2022,1295,839160,420227.5
saxagliptan,CYP3A4.24(Q200H),4.12,437.1,9.42,Liu et al 2022,437.1,95746.755,48091.927500000005
saxagliptan,CYP3A4.28(L22V),5.83,240.47,24.24,Liu et al 2022,240.47,29033.14545,14636.807725
saxagliptan,CYP3A4.29(F113I),4.38,229.13,19.11,Liu et al 2022,229.13,26364.84345,13296.986725
saxagliptan,CYP3A4.31(H324Q),4.75,282.07,16.84,Liu et al 2022,282.07,39922.77745,20102.423725
saxagliptan,CYP3A4.32(I335T),5.58,612.73,9.1,Liu et al 2022,612.73,188025.39145000002,94319.06072500002
saxagliptan,CYP3A4.33(A370S),6.34,168.6,37.59,Liu et al 2022,168.6,14297.279999999999,7232.94
saxagliptan,CYP3A4.34(I427V),4.84,515.2,9.39,Liu et al 2022,515.2,132973.12000000002,66744.16000000002
midostaurin,3A4.1,3.026,0.692,4.392,Xu et al 2023,0.692,0.585432,0.638716
midostaurin,3A4.2,4.77,1.313,3.632,Xu et al 2023,1.313,1.5184844999999998,1.4157422499999999
midostaurin,3A4.3,4.191,1.023,4.205,Xu et al 2023,1.023,1.0347644999999996,1.0288822499999997
midostaurin,3A4.4,2.634,0.298,8.871,Xu et al 2023,0.298,0.193402,0.245701
midostaurin,3A4.5,2.593,0.408,6.398,Xu et al 2023,0.408,0.287232,0.347616
midostaurin,3A4.7,0.809,0.473,1.763,Xu et al 2023,0.473,0.34836449999999997,0.41068224999999997
midostaurin,3A4.8,0.376,0.155,2.485,Xu et al 2023,0.155,0.0895125,0.12225625
midostaurin,3A4.10,1.239,0.187,6.669,Xu et al 2023,0.187,0.1109845,0.14899225
midostaurin,3A4.12,0.495,0.381,1.306,Xu et al 2023,0.381,0.2630805,0.32204025000000003
midostaurin,3A4.13,0.627,0.213,2.942,Xu et al 2023,0.213,0.1291845,0.17109225
midostaurin,3A4.14,1.278,0.246,5.224,Xu et al 2023,0.246,0.153258,0.199629
midostaurin,3A4.15,2.329,0.296,7.917,Xu et al 2023,0.296,0.191808,0.243904
midostaurin,3A4.16,1.424,0.255,5.605,Xu et al 2023,0.255,0.1600125,0.20750625
midostaurin,3A4.17,0.214,0.475,0.463,Xu et al 2023,0.475,0.3503125,0.41265625
midostaurin,3A4.18,0.956,0.228,4.194,Xu et al 2023,0.228,0.139992,0.183996
midostaurin,3A4.19,1.723,0.241,7.21,Xu et al 2023,0.241,0.14954050000000002,0.19527025
midostaurin,3A4.20,0.198,0.409,0.546,Xu et al 2023,0.409,0.28814049999999997,0.34857024999999997
midostaurin,3A4.23,1.48,0.242,6.161,Xu et al 2023,0.242,0.150282,0.196141
midostaurin,3A4.28,2.146,0.247,8.68,Xu et al 2023,0.247,0.1540045,0.20050225
midostaurin,3A4.29,7.202,0.637,11.321,Xu et al 2023,0.637,0.5213845,0.57919225
midostaurin,3A4.31,1.668,0.205,8.166,Xu et al 2023,0.205,0.1235125,0.16425625
midostaurin,3A4.32,2.624,0.316,8.312,Xu et al 2023,0.316,0.207928,0.261964
midostaurin,3A4.33,3.822,0.453,8.447,Xu et al 2023,0.453,0.3291045,0.39105225
midostaurin,3A4.34,1.348,0.303,4.463,Xu et al 2023,0.303,0.19740449999999998,0.25020224999999996
ibrutinib,CYP3A4.1,0.57,11.95,0.0475,Xu et al 2018,11.95,77.37624999999998,44.663124999999994
ibrutinib,CYP3A4.2,5.14,193.53,0.0273,Xu et al 2018,193.53,18823.69545,9508.612724999999
ibrutinib,CYP3A4.3,0.88,13.3,0.0696,Xu et al 2018,13.3,95.09500000000001,54.197500000000005
ibrutinib,CYP3A4.4,0.87,15.63,0.0562,Xu et al 2018,15.63,129.96345000000002,72.79672500000001
ibrutinib,CYP3A4.5,2.08,54.39,0.0386,Xu et al 2018,54.39,1506.33105,780.360525
ibrutinib,CYP3A4.9,1.1,14.5,0.0834,Xu et al 2018,14.5,112.375,63.4375
ibrutinib,CYP3A4.10,2.19,48.52,0.0463,Xu et al 2018,48.52,1201.3552000000002,624.9376000000001
ibrutinib,CYP3A4.11,1.12,28.24,0.0405,Xu et al 2018,28.24,412.86879999999996,220.5544
ibrutinib,CYP3A4.14,0.79,28.89,0.0277,Xu et al 2018,28.89,431.76105,230.325525
ibrutinib,CYP3A4.15,0.91,31.55,0.0325,Xu et al 2018,31.55,513.4762499999999,272.51312499999995
ibrutinib,CYP3A4.16,0.58,16.11,0.0363,Xu et al 2018,16.11,137.82104999999999,76.96552499999999
ibrutinib,CYP3A4.18,1.1,24.38,0.0451,Xu et al 2018,24.38,309.38219999999995,166.88109999999998
ibrutinib,CYP3A4.19,1.46,12.9,0.1133,Xu et al 2018,12.9,89.655,51.2775
ibrutinib,CYP3A4.23,1.02,18.16,0.0655,Xu et al 2018,18.16,173.9728,96.0664
ibrutinib,CYP3A4.28,0.73,38.5,0.0189,Xu et al 2018,38.5,760.375,399.4375
ibrutinib,CYP3A4.29,0.73,34.16,0.0223,Xu et al 2018,34.16,600.5327999999998,317.3463999999999
ibrutinib,CYP3A4.31,0.65,22.33,0.029,Xu et al 2018,22.33,260.47945,141.40472499999998
ibrutinib,CYP3A4.32,0.95,34.13,0.0286,Xu et al 2018,34.13,599.49345,316.811725
ibrutinib,CYP3A4.33,1.26,27.07,0.0466,Xu et al 2018,27.07,379.92745,203.498725
ibrutinib,CYP3A4.34,1.11,8.01,0.1384,Xu et al 2018,8.01,36.085049999999995,22.047524999999997
amiodarone,CYP3A4*1,16.33,21.7,0.76,Yang et al 2019,21.7,246.295,133.9975
amiodarone,CYP3A4*2,36.22,16.59,2.23,Yang et al 2019,16.59,145.90905,81.249525
amiodarone,CYP3A4*3,12.17,11.93,1.03,Yang et al 2019,11.93,77.12745,44.528724999999994
amiodarone,CYP3A4*4,20.46,30.84,0.67,Yang et al 2019,30.84,490.9728,260.9064
amiodarone,CYP3A4*5,13.35,17.32,0.77,Yang et al 2019,17.32,158.65120000000002,87.9856
amiodarone,CYP3A4*9,17.15,15.56,1.11,Yang et al 2019,15.56,128.8368,72.1984
amiodarone,CYP3A4*10,19.83,12.51,1.59,Yang et al 2019,12.51,84.50505,48.507525
amiodarone,CYP3A4*11,94.08,8.63,3.34,Yang et al 2019,8.63,41.553450000000005,25.091725000000004
amiodarone,CYP3A4*14,15.22,5.79,1.62,Yang et al 2019,5.79,19.65705,12.723525
amiodarone,CYP3A4*15,12.84,7.29,1.27,Yang et al 2019,7.29,30.217049999999997,18.753525
amiodarone,CYP3A4*16,8.36,7.54,1.11,Yang et al 2019,7.54,32.1958,19.8679
amiodarone,CYP3A4*17,7.66,91.85,0.08,Yang et al 2019,91.85,4264.13625,2177.993125
amiodarone,CYP3A4*18,13.95,5.4,1.55,Yang et al 2019,5.4,17.28,11.34
amiodarone,CYP3A4*19,11.84,7.08,1.68,Yang et al 2019,7.08,28.6032,17.8416
amiodarone,CYP3A4*23,12.32,7.57,1.69,Yang et al 2019,7.57,32.437450000000005,20.003725000000003
amiodarone,CYP3A4*24,7.62,380.87,0.02,Yang et al 2019,380.87,72721.41345000001,36551.141725
amiodarone,CYP3A4*28,15.05,21.32,0.71,Yang et al 2019,21.32,237.93120000000002,129.62560000000002
amiodarone,CYP3A4*29,26.42,20.24,1.31,Yang et al 2019,20.24,214.94879999999998,117.5944
amiodarone,CYP3A4*31,25.57,19.8,1.3,Yang et al 2019,19.8,205.92000000000002,112.86000000000001
amiodarone,CYP3A4*32,33.19,25.37,1.31,Yang et al 2019,25.37,334.50345000000004,179.93672500000002
amiodarone,CYP3A4*33,21.64,24.81,0.88,Yang et al 2019,24.81,320.17305,172.491525
amiodarone,CYP3A4*34,32.3,27.7,1.17,Yang et al 2019,27.7,397.495,212.5975
aumolertinib,*1,1.866,3.204,0.583,Ye et al 2024,3.204,6.734808000000001,4.969404000000001
aumolertinib,*3,2.02,3.631,0.557,Ye et al 2024,3.631,8.4075805,6.01929025
aumolertinib,*4,1.153,3.952,0.293,Ye et al 2024,3.952,9.785152,6.868576
aumolertinib,*5,1.882,10.144,0.186,Ye et al 2024,10.144,56.522368,33.333184
aumolertinib,*7,0.377,4.937,0.077,Ye et al 2024,4.937,14.655484500000002,9.79624225
aumolertinib,*8,0.717,3.158,0.227,Ye et al 2024,3.158,6.565481999999999,4.861740999999999
aumolertinib,*9,1.28,4.08,0.315,Ye et al 2024,4.08,10.3632,7.2216000000000005
aumolertinib,*10,1.045,2.314,0.452,Ye et al 2024,2.314,3.834298,3.0741490000000002
aumolertinib,*12,0.318,19.773,0.016,Ye et al 2024,19.773,205.3722645,112.57263225
aumolertinib,*13,0.405,6.015,0.067,Ye et al 2024,6.015,21.097612499999997,13.556306249999999
aumolertinib,*14,0.996,3.445,0.289,Ye et al 2024,3.445,7.6565125,5.55075625
aumolertinib,*15,2.26,3.54,0.64,Ye et al 2024,3.54,8.0358,5.7879000000000005
aumolertinib,*16,1.382,3.013,0.46,Ye et al 2024,3.013,6.0455844999999995,4.529292249999999
aumolertinib,*17,0.321,58.283,0.006,Ye et al 2024,58.283,1727.5955445,892.9392722499999
aumolertinib,*18,0.759,5.859,0.13,Ye et al 2024,5.859,20.0934405,12.97622025
aumolertinib,*19,1.16,3.625,0.321,Ye et al 2024,3.625,8.3828125,6.00390625
aumolertinib,*23,1.163,4.085,0.286,Ye et al 2024,4.085,10.3861125,7.23555625
aumolertinib,*24,1.012,3.732,0.271,Ye et al 2024,3.732,8.829912,6.280956
aumolertinib,*28,1.287,2.519,0.511,Ye et al 2024,2.519,4.4321805,3.47559025
aumolertinib,*29,3.053,4.031,0.759,Ye et al 2024,4.031,10.139980499999998,7.085490249999999
aumolertinib,*31,1.129,3.213,0.356,Ye et al 2024,3.213,6.7681845,4.990592250000001
aumolertinib,*32,1.759,2.963,0.594,Ye et al 2024,2.963,5.8711845,4.41709225
aumolertinib,*33,1.345,3.52,0.384,Ye et al 2024,3.52,7.9552,5.7376
aumolertinib,*34,0.73,5.817,0.126,Ye et al 2024,5.817,19.827244500000003,12.822122250000001
lurasidone,CYP3A4.1,2.17,10.79,0.21,Li et al 2023,10.79,63.607049999999994,37.198525
lurasidone,CYP3A4.3,1.25,3.51,0.36,Li et al 2023,3.51,7.915049999999999,5.712524999999999
lurasidone,CYP3A4.4,0.77,2.37,0.33,Li et al 2023,2.37,3.99345,3.181725
lurasidone,CYP3A4.5,1.1,5.92,0.2,Li et al 2023,5.92,20.4832,13.2016
lurasidone,CYP3A4.7,0.28,2.11,0.14,Li et al 2023,2.11,3.2810499999999996,2.695525
lurasidone,CYP3A4.9,1.23,4.56,0.27,Li et al 2023,4.56,12.676799999999998,8.6184
lurasidone,CYP3A4.10,1.13,3.93,0.29,Li et al 2023,3.93,9.68745,6.808725
lurasidone,CYP3A4.12,0.17,6.01,0.03,Li et al 2023,6.01,21.06505,13.537524999999999
lurasidone,CYP3A4.13,0.38,2.92,0.13,Li et al 2023,2.92,5.723199999999999,4.3216
lurasidone,CYP3A4.14,1.58,4.44,0.37,Li et al 2023,4.44,12.076800000000002,8.258400000000002
lurasidone,CYP3A4.15,2.83,3.88,0.73,Li et al 2023,3.88,9.4672,6.6736
lurasidone,CYP3A4.19,1.72,2.89,0.65,Li et al 2023,2.89,5.62105,4.2555250000000004
lurasidone,CYP3A4.20,0.1,2.14,0.05,Li et al 2023,2.14,3.3598000000000003,2.7499000000000002
lurasidone,CYP3A4.23,1.44,2.82,0.51,Li et al 2023,2.82,5.3862,4.1030999999999995
lurasidone,CYP3A4.24,0.9,1.58,0.58,Li et al 2023,1.58,2.0382000000000002,1.8091000000000002
lurasidone,CYP3A4.28,1.19,2.45,0.52,Li et al 2023,2.45,4.22625,3.3381250000000002
lurasidone,CYP3A4.29,3.26,5.52,0.6,Li et al 2023,5.52,17.995199999999997,11.757599999999998
lurasidone,CYP3A4.31,0.95,3.31,0.29,Li et al 2023,3.31,7.133050000000001,5.221525000000001
lurasidone,CYP3A4.32,1.41,3.79,0.38,Li et al 2023,3.79,9.07705,6.4335249999999995
lurasidone,CYP3A4.33,2,4.19,0.48,Li et al 2023,4.19,10.873050000000001,7.531525
lurasidone,CYP3A4.34,0.73,3.22,0.23,Li et al 2023,3.22,6.794200000000002,5.007100000000001
loperamide,3A4.1,2.079,2.196,0.951,Lin et al 2019 2809,2.196,3.5092080000000005,2.8526040000000004
loperamide,3A4.2,0.568,8.023,0.071,Lin et al 2019 2809,8.023,36.195764499999996,22.109382249999996
loperamide,3A4.3,1.777,5.53,0.322,Lin et al 2019 2809,5.53,18.05545,11.792725
loperamide,3A4.4,1.467,3.293,0.446,Lin et al 2019 2809,3.293,7.068424500000001,5.180712250000001
loperamide,3A4.5,2.153,4.804,0.448,Lin et al 2019 2809,4.804,13.941208000000001,9.372604
loperamide,3A4.7,3.259,8.849,0.368,Lin et al 2019 2809,8.849,43.5769005,26.21295025
loperamide,3A4.8,5.302,7.828,0.682,Lin et al 2019 2809,7.828,34.552792,21.190396
loperamide,3A4.9,0.371,2.884,0.129,Lin et al 2019 2809,2.884,5.600727999999999,4.242363999999999
loperamide,3A4.10,1.18,2.5,0.472,Lin et al 2019 2809,2.5,4.375,3.4375
loperamide,3A4.11,2.854,17.163,0.166,Lin et al 2019 2809,17.163,155.86578450000002,86.51439225000001
loperamide,3A4.12,0.969,4.016,0.242,Lin et al 2019 2809,4.016,10.072128,7.044064
loperamide,3A4.13,0.651,5.812,0.112,Lin et al 2019 2809,5.812,19.795672000000003,12.803836000000002
loperamide,3A4.14,4.862,10.494,0.464,Lin et al 2019 2809,10.494,60.309017999999995,35.401509
loperamide,3A4.15,1.074,3.423,0.315,Lin et al 2019 2809,3.423,7.5699645,5.49648225
loperamide,3A4.16,10.703,15.55,0.69,Lin et al 2019 2809,15.55,128.67625,72.11312500000001
loperamide,3A4.18,9.223,11.567,0.798,Lin et al 2019 2809,11.567,72.6812445,42.12412225
loperamide,3A4.19,0.914,2.234,0.416,Lin et al 2019 2809,2.234,3.612378,2.923189
loperamide,3A4.23,0.434,5.331,0.082,Lin et al 2019 2809,5.331,16.875280500000002,11.103140250000001
loperamide,3A4.24,0.209,1.329,0.157,Lin et al 2019 2809,1.329,1.5476204999999998,1.4383102499999998
loperamide,3A4.28,1.23,2.356,0.524,Lin et al 2019 2809,2.356,3.9533679999999998,3.1546839999999996
loperamide,3A4.29,1.327,3.356,0.395,Lin et al 2019 2809,3.356,7.309367999999999,5.3326839999999995
loperamide,3A4.31,0.834,2.9,0.288,Lin et al 2019 2809,2.9,5.654999999999999,4.2775
loperamide,3A4.32,0.553,3.568,0.155,Lin et al 2019 2809,3.568,8.149312,5.858656
loperamide,3A4.33,0.851,4.849,0.176,Lin et al 2019 2809,4.849,14.180900500000002,9.514950250000002
loperamide,3A4.34,0.626,1.902,0.329,Lin et al 2019 2809,1.902,2.759802,2.330901
sildenafil,CYP3A4*1,9.29,64.02,0.15,Tang et al 2020,64.02,2081.2902,1072.6551
sildenafil,CYP3A4*2,13.39,169.77,0.08,Tang et al 2020,169.77,14495.811450000001,7332.790725000001
sildenafil,CYP3A4*3,10.68,56.99,0.19,Tang et al 2020,56.99,1652.42505,854.707525
sildenafil,CYP3A4*4,10.91,71.13,0.15,Tang et al 2020,71.13,2565.30345,1318.216725
sildenafil,CYP3A4*5,6.01,147.87,0.04,Tang et al 2020,147.87,11006.70345,5577.286725000001
sildenafil,CYP3A4*9,10.82,85.07,0.13,Tang et al 2020,85.07,3660.9874499999996,1873.028725
sildenafil,CYP3A4*10,12.88,67.05,0.19,Tang et al 2020,67.05,2281.37625,1174.213125
sildenafil,CYP3A4*11,21.31,167.87,0.13,Tang et al 2020,167.87,14174.10345,7170.986725000001
sildenafil,CYP3A4*14,9.87,53.13,0.19,Tang et al 2020,53.13,1437.9634500000002,745.5467250000002
sildenafil,CYP3A4*15,10.06,62.29,0.16,Tang et al 2020,62.29,1971.16705,1016.728525
sildenafil,CYP3A4*19,10.65,62.22,0.17,Tang et al 2020,62.22,1966.7741999999998,1014.4970999999999
sildenafil,CYP3A4*23,11.33,76.1,0.15,Tang et al 2020,76.1,2933.6549999999997,1504.8774999999998
sildenafil,CYP3A4*24,3.36,1317.67,0,Tang et al 2020,1317.67,868785.9494500001,435051.80972500006
sildenafil,CYP3A4*28,5.91,68.89,0.09,Tang et al 2020,68.89,2407.36105,1238.125525
sildenafil,CYP3A4*29,9.18,86.9,0.11,Tang et al 2020,86.9,3819.2550000000006,1953.0775000000003
sildenafil,CYP3A4*31,7.49,51.67,0.15,Tang et al 2020,51.67,1360.72945,706.1997250000001
sildenafil,CYP3A4*32,13.2,69.34,0.19,Tang et al 2020,69.34,2438.6878,1254.0139000000001
sildenafil,CYP3A4*33,10.45,60.64,0.17,Tang et al 2020,60.64,1868.9248,964.7824
sildenafil,CYP3A4*34,11.78,77.36,0.15,Tang et al 2020,77.36,3030.9647999999997,1554.1624
vandetanib,CYP3A4*1,4.6,324.57,0.01,Han et al 2021 709700,324.57,52835.12745,26579.848725
vandetanib,CYP3A4*2,3.9,204.6,0.02,Han et al 2021 709700,204.6,21032.879999999997,10618.739999999998
vandetanib,CYP3A4*3,3.42,119.87,0.03,Han et al 2021 709700,119.87,7244.34345,3682.106725
vandetanib,CYP3A4*4,4.94,363.93,0.01,Han et al 2021 709700,363.93,66404.48745,33384.208725
vandetanib,CYP3A4*5,4.86,378.47,0.01,Han et al 2021 709700,378.47,71809.00545000001,36093.737725000006
vandetanib,CYP3A4*7,10.51,1892.67,0.01,Han et al 2021 709700,1892.67,1792046.1994500002,896969.434725
vandetanib,CYP3A4*8,9.64,1572,0.01,Han et al 2021 709700,1572,1236378,618975
vandetanib,CYP3A4*9,4.13,263.7,0.02,Han et al 2021 709700,263.7,34900.695,17582.1975
vandetanib,CYP3A4*10,5.4,492.3,0.01,Han et al 2021 709700,492.3,121425.79500000001,60959.04750000001
vandetanib,CYP3A4*11,7.64,1247.67,0.01,Han et al 2021 709700,1247.67,778964.04945,390105.85972500005
vandetanib,CYP3A4*12,9.02,1481,0.01,Han et al 2021 709700,1481,1097421,549451
vandetanib,CYP3A4*13,8.39,1336.33,0.01,Han et al 2021 709700,1336.33,893557.0994499999,447446.7147249999
vandetanib,CYP3A4*14,4.56,338,0.01,Han et al 2021 709700,338,57291,28814.5
vandetanib,CYP3A4*15,3.26,50.26,0.07,Han et al 2021 709700,50.26,1288.1637999999998,669.2118999999999
vandetanib,CYP3A4*16,3.77,175.93,0.02,Han et al 2021 709700,175.93,15563.64745,7869.788725
vandetanib,CYP3A4*17,9.18,1666.67,0.01,Han et al 2021 709700,1666.67,1389727.77945,695697.224725
vandetanib,CYP3A4*18,4.18,673.1,0.01,Han et al 2021 709700,673.1,226868.355,113770.72750000001
vandetanib,CYP3A4*19,5.47,660.83,0.01,Han et al 2021 709700,660.83,218678.55945000003,109669.69472500001
vandetanib,CYP3A4*20,11.88,2333.33,0.01,Han et al 2021 709700,2333.33,2723381.10945,1362857.219725
vandetanib,CYP3A4*23,5.55,645.87,0.01,Han et al 2021 709700,645.87,208896.96345,104771.416725
vandetanib,CYP3A4*24,5.11,497.07,0.01,Han et al 2021 709700,497.07,123787.82745,62142.448725
vandetanib,CYP3A4*28,4.57,343.33,0.01,Han et al 2021 709700,343.33,59109.40944999999,29726.369724999997
vandetanib,CYP3A4*29,3.56,98.71,0.04,Han et al 2021 709700,98.71,4921.1870499999995,2509.948525
vandetanib,CYP3A4*31,4.63,359.93,0.01,Han et al 2021 709700,359.93,64954.76745,32657.348725
vandetanib,CYP3A4*32,4.09,241.2,0.02,Han et al 2021 709700,241.2,29209.319999999996,14725.259999999998
vandetanib,CYP3A4*33,4.15,236.97,0.02,Han et al 2021 709700,236.97,28195.87545,14216.422725
vandetanib,CYP3A4*34,5.02,455.17,0.01,Han et al 2021 709700,455.17,103817.44945,52136.309725
istradefylline,CYP3A4.1,3.926,7.171,0.548,Hu et al 2022,7.171,29.2971205,18.23406025
istradefylline,CYP3A4.2,2.709,6.086,84.365,Hu et al 2022,6.086,21.562698,13.824349000000002
istradefylline,CYP3A4.3,3.004,6.121,0.497,Hu et al 2022,6.121,21.793820500000002,13.957410250000002
istradefylline,CYP3A4.4,3.246,19.45,0.171,Hu et al 2022,19.45,198.87625,109.163125
istradefylline,CYP3A4.5,23.62,116.62,0.215,Hu et al 2022,116.62,6858.422200000001,3487.5211000000004
istradefylline,CYP3A4.7,1.653,24.04,0.069,Hu et al 2022,24.04,300.9808,162.5104
istradefylline,CYP3A4.8,0.586,7.586,14.114,Hu et al 2022,7.586,32.566698,20.076349
istradefylline,CYP3A4.9,1.116,6.409,0.175,Hu et al 2022,6.409,23.742140499999998,15.075570249999998
istradefylline,CYP3A4.10,1.301,8.57,0.153,Hu et al 2022,8.57,41.007450000000006,24.788725000000003
istradefylline,CYP3A4.11,1.043,17.533,0.06,Hu et al 2022,17.533,162.4695445,90.00127225
istradefylline,CYP3A4.12,0.6,9.647,0.062,Hu et al 2022,9.647,51.355804500000005,30.50140225
istradefylline,CYP3A4.13,0.536,5.085,0.107,Hu et al 2022,5.085,15.4711125,10.27805625
istradefylline,CYP3A4.14,1.043,3.035,62.693,Hu et al 2022,3.035,6.1231125,4.579056250000001
istradefylline,CYP3A4.15,1.276,6.402,36.429,Hu et al 2022,6.402,23.693802,15.047901000000001
istradefylline,CYP3A4.16,0.632,8.925,0.071,Hu et al 2022,8.925,44.290312500000006,26.607656250000005
istradefylline,CYP3A4.17,0.104,12.847,1.489,Hu et al 2022,12.847,88.9462045,50.896602249999994
istradefylline,CYP3A4.18,0.491,6.488,13.823,Hu et al 2022,6.488,24.291072000000003,15.389536000000001
istradefylline,CYP3A4.19,1.069,5.537,0.197,Hu et al 2022,5.537,18.0976845,11.81734225
istradefylline,CYP3A4.23,1.023,5.472,34.144,Hu et al 2022,5.472,17.707392000000002,11.589696000000002
istradefylline,CYP3A4.24,1.144,6.486,0.176,Hu et al 2022,6.486,24.277098,15.381549
istradefylline,CYP3A4.28,1.787,8.451,0.213,Hu et al 2022,8.451,39.93520050000001,24.193100250000004
istradefylline,CYP3A4.29,4.696,6.03,0.781,Hu et al 2022,6.03,21.19545,13.612725000000001
istradefylline,CYP3A4.31,1.139,4.149,50.609,Hu et al 2022,4.149,10.6816005,7.41530025
istradefylline,CYP3A4.32,5.102,15.527,0.337,Hu et al 2022,15.527,128.3073645,71.91718225
istradefylline,CYP3A4.33,2.711,13.903,0.195,Hu et al 2022,13.903,103.59820450000001,58.75060225000001
istradefylline,CYP3A4.34,1.838,8.984,0.205,Hu et al 2022,8.984,44.848128,26.916064000000002
artemether,CYP3A4*1,12.91,0.5,26.01,Zhang et al 2023,0.5,0.375,0.4375
artemether,CYP3A4*2,20.82,0.94,22.05,Zhang et al 2023,0.94,0.9117999999999999,0.9259
artemether,CYP3A4*3,11.9,0.63,20.89,Zhang et al 2023,0.63,0.51345,0.571725
artemether,CYP3A4*4,7.03,0.75,9.58,Zhang et al 2023,0.75,0.65625,0.703125
artemether,CYP3A4*5,5.8,2.74,2.18,Zhang et al 2023,2.74,5.123800000000001,3.9319000000000006
artemether,CYP3A4*9,9.71,1.03,9.53,Zhang et al 2023,1.03,1.0454500000000002,1.037725
artemether,CYP3A4*10,10.68,0.47,22.51,Zhang et al 2023,0.47,0.34545,0.407725
artemether,CYP3A4*11,48.05,1.66,30.36,Zhang et al 2023,1.66,2.2078,1.9339
artemether,CYP3A4*14,24.94,1.24,20.66,Zhang et al 2023,1.24,1.3888,1.3144
artemether,CYP3A4*15,20.31,0.95,21.67,Zhang et al 2023,0.95,0.9262499999999999,0.9381249999999999
artemether,CYP3A4*16,4.62,0.43,10.94,Zhang et al 2023,0.43,0.30745,0.36872499999999997
artemether,CYP3A4*18,10.37,1.34,8.16,Zhang et al 2023,1.34,1.5678,1.4539
artemether,CYP3A4*19,12.68,0.43,29.26,Zhang et al 2023,0.43,0.30745,0.36872499999999997
artemether,CYP3A4*23,14.34,0.84,17.18,Zhang et al 2023,0.84,0.7727999999999999,0.8064
artemether,CYP3A4*24,15.32,0.1,15.51,Zhang et al 2023,0.1,0.05500000000000001,0.07750000000000001
artemether,CYP3A4*28,3.46,1.89,1.85,Zhang et al 2023,1.89,2.7310499999999998,2.3105249999999997
artemether,CYP3A4*29,4.48,0.22,20.89,Zhang et al 2023,0.22,0.13419999999999999,0.17709999999999998
artemether,CYP3A4*31,5.81,1.66,3.57,Zhang et al 2023,1.66,2.2078,1.9339
artemether,CYP3A4*32,8.56,0.02,3.84,Zhang et al 2023,0.02,0.0102,0.0151
artemether,CYP3A4*33,7.84,0.72,11.4,Zhang et al 2023,0.72,0.6192,0.6696
artemether,CYP3A4*34,5.75,3.33,1.75,Zhang et al 2023,3.33,7.20945,5.269725
lumefantrine,CYP3A4*1,4.3,2.12,203,Zhang et al 2023,2.12,3.3072000000000004,2.7136000000000005
lumefantrine,CYP3A4*2,4.56,1.69,271,Zhang et al 2023,1.69,2.27305,1.981525
lumefantrine,CYP3A4*3,8.54,2.44,350,Zhang et al 2023,2.44,4.1968,3.3183999999999996
lumefantrine,CYP3A4*4,3.84,1.5,256,Zhang et al 2023,1.5,1.875,1.6875
lumefantrine,CYP3A4*5,1.53,1.74,89.7,Zhang et al 2023,1.74,2.3838000000000004,2.0619
lumefantrine,CYP3A4*9,8.33,5.71,147,Zhang et al 2023,5.71,19.157049999999998,12.433525
lumefantrine,CYP3A4*10,5.63,2.98,195,Zhang et al 2023,2.98,5.9302,4.4551
lumefantrine,CYP3A4*11,26.41,3.37,792,Zhang et al 2023,3.37,7.36345,5.366725000000001
lumefantrine,CYP3A4*14,0.26,32.42,0.81,Zhang et al 2023,32.42,541.7382,287.0791
lumefantrine,CYP3A4*15,3.75,0.9,417,Zhang et al 2023,0.9,0.855,0.8775
lumefantrine,CYP3A4*16,2.29,1.12,207,Zhang et al 2023,1.12,1.1872000000000003,1.1536000000000002
lumefantrine,CYP3A4*17,1.23,37.42,3.77,Zhang et al 2023,37.42,718.8382,378.1291
lumefantrine,CYP3A4*18,3.98,1.03,388,Zhang et al 2023,1.03,1.0454500000000002,1.037725
lumefantrine,CYP3A4*19,7.47,1.61,479,Zhang et al 2023,1.61,2.1010500000000003,1.855525
lumefantrine,CYP3A4*23,6.31,1.03,615,Zhang et al 2023,1.03,1.0454500000000002,1.037725
lumefantrine,CYP3A4*24,0.33,30.13,1.07,Zhang et al 2023,30.13,468.97344999999996,249.55172499999998
lumefantrine,CYP3A4*28,4.2,1.37,309,Zhang et al 2023,1.37,1.6234500000000003,1.496725
lumefantrine,CYP3A4*29,6.14,1.37,448,Zhang et al 2023,1.37,1.6234500000000003,1.496725
lumefantrine,CYP3A4*31,6.77,1.66,420,Zhang et al 2023,1.66,2.2078,1.9339
lumefantrine,CYP3A4*32,8.43,1.43,599,Zhang et al 2023,1.43,1.7374499999999997,1.5837249999999998
lumefantrine,CYP3A4*33,5.09,1.14,448,Zhang et al 2023,1.14,1.2197999999999998,1.1799
lumefantrine,CYP3A4*34,8.41,1.47,575,Zhang et al 2023,1.47,1.8154499999999998,1.642725
